number,fim_in,age,mmse,paralysis,fim_out
0,71,84,7,1,72.03135362
1,34,90,21,2,54.82436614
2,80,63,21,4,85.65578236
3,40,74,16,3,55.38918481
4,43,63,20,1,71.11095428
5,22,56,19,0,60.07272928
6,41,44,17,1,69.91541209
7,72,59,27,0,114.4455896
